{
  "info": {
    "license_key": "https://t.me/zer0daylab",
    "company": "Zer0DayLab",
    "name": "Zer0DayLab",
    "phone": "+13457585654",
    "email": "zerodaylabs@pm.me",
    "country": "US",
    "first_activated": "2021-07-18",
    "expires": "2027-07-18",
    "maintenance_expires": "2027-07-18",
    "max_engines": 100,
    "max_targets": 900000,
    "product_code": "AOPENT",
    "bxss_user_id": "009247",
    "bxss_api_key": "f61f2d2d-c11e-461d-8469-0c4924bdc4a2",
    "is_offline": false,
    "is_worker": false,
    "mac":"00:00:00:00:00:00"
  },
  "major_version": 14,
  "minor_version": 0,
  "build_number": 220713150,
  "expired": false,
  "maintenance_expired": false,
  "scan": true,
  "update": true,
  "access": true,
  "activation_error": 0,
  "activated": true,
  "checksum": "19733510c4e69bd925805e00a265dace",
  "grace": -1,
  "last_reactivated": "2022-07-18"
}
